"activity";"activitynumber";"description";"image_index";"account_accountNumber"
"Pedego Electric Bike Tour";1;"Take a 3-hour electric bike tour
and explore historic downtown Boulder,
Boulder Canyon, Chataqua, and more!
";0;0
"Front Range Anglers Fishing";2;"Take a guided fly fishing expedition for 
Trout in Boulder and along the Front Range!";0;0
"Hot Air Balloon Flight";3;"Enjoy gorgeous views of moutain scenery,
Colorados plains, and wildlife as far as the
eye can see as your soar through the sky
in a hot air balloon!";0;0
"The Boulder Creek Path";4;"Go for a stroll or hop on your bike as you
travel along the Boulder Creek Path! This path
follows the gorgeous Boulder Creek and allows
for multiple pitstops at some of Boulders 
finest locations.";0;0
"Mount Sanitas Trail";5;"This is a 90 minute hike with views that allow 
you to see almost all the way to Kansas! Its rated
as a moderate difficulty, so make sure to bring water!
";0;0
"Royal Arch Trail";6;"A challenging hike with an absolutley stunning
reward at the top. Dont be confused by the false
summit - theres still an extra half mile from that
point!";0;0
"Valmont Bike Park";7;"No matter your experience in mountain biking,
the Valmont Bike Park has what youre looking for!
Enjoy a day in the sun and some gnarly rides!";0;0
"Flatiron Golf Course";8;"Enjoy Boulders premier golf course with a wonderful 
view of the Flatirons! Course regulars love the 
moderate challenge of the course and the friendly
staff.";0;0
"Boulder Ale Trail";9;"15 miles, 12 breweries, and 0 cars! The Boulder
Ale trail is the perfect way to enjoy your two favorite
things in one of the nations biggest brewing
cities!";0;0
"First and Second Flatiron Hike";10;"Hike up Boulders most prominent features - the
Flatirons! This is a 2.6 mile round trip hike that 
offers a gorgeous panoramic view at the top.";0;0
"Sombrero Ranch Horseback Riding";11;"Its time to hit the powder, and dont expect to come
back without a smile on your face! The Eldora Ski
Resort is known throughout Colorado as one of
the best places for skiing, and its a short ride from
Boulder.";0;0
"Eldora Ski Resort";12;"It's time to hit the powder, and don't expect to come
back without a smile on your face! The Eldora Ski
Resort is known throughout Colorado as one of
the best places for skiing, and it's a short ride from
Boulder.";0;0
"Bear Peak Trail";13;"A must-do hike for anyone in Colorado! The trail is 
challenging, but the views seen throughout the hike 
are truly stunning. Plus, a good workout means you 
can kick back an extra beer after!";0;0
"Boulder Creek Tubing";14;"Kick back, relax, and enjoy a wonderful time tubing
down the Boulder Creek! While some take to the 
creek in the Winter as a show of grit, we recommend 
this as a Summer activity.";0;0
"Boulder Resevoir Paddleboarding";15;"The cool breeze in your hair, the warm sun on 
your shoulders — there’s no better way to enjoy a 
summer day than cruising along the glittering waters 
of Boulder Reservoir on a stand-up paddleboard.";0;0
"Flower Picking";16;"Longs Gardens in Boulder allows visitors to pick
and dig up their very own flowers! Were betting this
is an experience that youve never had before!";0;0
